{"cameraMode":{"drawMode":0,"name":"Shaded","section":"Shading Mode"},"sceneLighting":true,"audioPlay":false,"sceneViewState":{"m_AlwaysRefresh":false,"showFog":true,"showSkybox":true,"showFlares":true,"showImageEffects":true,"showParticleSystems":true,"showVisualEffectGraphs":true,"m_FxEnabled":true},"in2DMode":false,"pivot":{"x":-20.465614318847658,"y":3.117448568344116,"z":3.5780677795410158},"rotation":{"x":0.0012195372255519033,"y":0.984832227230072,"z":-0.17698118090629579,"w":0.005135020706802607},"size":3.726823568344116,"orthographic":true}